target,label,model_mae,model_r2,model_r2_comparable,persistence_r2,validation_n,baseline_n
debt_ratio,부채비율,64.47663710531843,0.8125207120386164,0.5544552103326259,0.8543516704303304,41,40
current_ratio,유동비율,26.323466321555344,0.8577372644876103,0.8577372644876103,0.9132485767143308,42,42
icr,이자보상배율,2.288403164575957,0.24006152166483619,0.24006152166483619,0.286125977818796,42,42
op_margin,영업이익률,2.6930545081161448,0.24159771390346918,0.24200215818208293,0.5144974014254409,38,37
z_score,Z-score,0.572900974571583,0.7933504163826715,0.7937520843705965,0.9046345305911331,40,39
