target,label,model_mae,model_r2,model_r2_comparable,persistence_r2,validation_n,baseline_n
debt_ratio,부채비율,70.02646007106866,0.5615692392800316,0.6263674362983838,0.7236805388167925,310,307
current_ratio,유동비율,20.062942097801614,0.8181590980236312,0.8181710033450066,0.793086070347505,313,312
icr,이자보상배율,5.106087648819664,-0.7055415739089894,-0.7077055708329949,-0.7162029768716742,310,306
op_margin,영업이익률,19.175891077068215,0.03002712726666046,0.029085312381832984,0.05763517798333151,270,264
z_score,Z-score,0.3335080000143591,0.9064061766989602,0.9024408921023702,0.9336467378782857,278,270
